Baldwin County,AL-501
Calhoun County,AL-505
Cullman County,AL-507
DeKalb County,AL-505
Elmore County,AL-504
Etowah County,AL-505
Houston County,AL-507
Jefferson County,AL-500
Lauderdale County,AL-502
Lee County,AL-507
Limestone County,AL-503
Madison County,AL-503
Marshall County,AL-507
Mobile County,AL-501
Montgomery County,AL-504
Morgan County,AL-503
St. Clair County,AL-500
Shelby County,AL-500
Talladega County,AL-507
Tuscaloosa County,AL-506
Walker County,AL-507
Anchorage Municipality,AK-500
Fairbanks North Star Borough,AK-501
Matanuska-Susitna Borough,AK-501
Apache County,AZ-500
Cochise County,AZ-500
Coconino County,AZ-500
Maricopa County,AZ-502
Mohave County,AZ-500
Navajo County,AZ-500
Pima County,AZ-501
Pinal County,AZ-500
Yavapai County,AZ-500
Yuma County,AZ-500
Benton County,AR-501
Craighead County,AR-503
Faulkner County,AR-500
Garland County,AR-500
Jefferson County,AR-505
Lonoke County,AR-500
Pulaski County,AR-500
Saline County,AR-500
Sebastian County,AR-508
Washington County,AR-501
White County,AR-500
Alameda County,CA-502
Butte County,CA-519
Contra Costa County,CA-505
El Dorado County,CA-525
Fresno County,CA-514
Humboldt County,CA-522
Imperial County,CA-613
Kern County,CA-604
Kings County,CA-513
Lake County,CA-529
Los Angeles County,CA-600 / CA-606
Madera County,CA-514
Marin County,CA-507
Mendocino County,CA-509
Merced County,CA-520
Monterey County,CA-506
Napa County,CA-517
Nevada County,CA-531
Orange County,CA-602
Placer County,CA-515
Riverside County,CA-608
Sacramento County,CA-503
San Bernardino County,CA-609
San Diego County,CA-601
San Francisco County,CA-501
San Joaquin County,CA-511
San Luis Obispo County,CA-614
San Mateo County,CA-512
Santa Barbara County,CA-603
Santa Clara County,CA-500
Santa Cruz County,CA-508
Shasta County,CA-516
Solano County,CA-518
Sonoma County,CA-504
Stanislaus County,CA-510
Sutter County,CA-524
Tulare County,CA-513
Ventura County,CA-611
Yolo County,CA-521
Yuba County,CA-524
Adams County,CO-503
Arapahoe County,CO-503
Boulder County,CO-503
Denver County,CO-503
Douglas County,CO-503
El Paso County,CO-504
Jefferson County,CO-503
Larimer County,CO-505
Mesa County,CO-500
Pueblo County,CO-500
Weld County,CO-505
Fairfield County,CT-503
Hartford County,CT-505
Litchfield County,CT-505
Middlesex County,CT-505
New Haven County,CT-505
New London County,CT-505
Tolland County,CT-505
Windham County,CT-505
Kent County,DE-500
New Castle County,DE-500
Sussex County,DE-500
District of Columbia,DC-500
Alachua County,FL-508
Bay County,FL-515
Brevard County,FL-513
Broward County,FL-601
Charlotte County,FL-602
Citrus County,FL-520
Clay County,FL-510
Collier County,FL-606
Columbia County,FL-518
Duval County,FL-510
Escambia County,FL-511
Flagler County,FL-504
Hernando County,FL-520
Highlands County,FL-517
Hillsborough County,FL-501
Indian River County,FL-509
Lake County,FL-520
Lee County,FL-603
Leon County,FL-506
Manatee County,FL-500
Marion County,FL-514
Martin County,FL-509
Miami-Dade County,FL-600
Monroe County,FL-604
Nassau County,FL-510
Okaloosa County,FL-505
Orange County,FL-507
Osceola County,FL-507
Palm Beach County,FL-605
Pasco County,FL-519
Pinellas County,FL-502
Polk County,FL-503
Putnam County,FL-508
St. Johns County,FL-512
St. Lucie County,FL-509
Santa Rosa County,FL-511
Sarasota County,FL-500
Seminole County,FL-507
Sumter County,FL-520
Volusia County,FL-504
Barrow County,GA-500
Bartow County,GA-500
Bibb County,GA-501
Bulloch County,GA-501
Carroll County,GA-500
Chatham County,GA-507
Cherokee County,GA-500
Clarke County,GA-503
Clayton County,GA-500
Cobb County,GA-506
Columbia County,GA-504
Coweta County,GA-500
DeKalb County,GA-508
Dougherty County,GA-501
Douglas County,GA-500
Fayette County,GA-500
Floyd County,GA-501
Forsyth County,GA-500
Fulton County,GA-502
Glynn County,GA-501
Gwinnett County,GA-500
Hall County,GA-500
Henry County,GA-500
Houston County,GA-501
Liberty County,GA-501
Lowndes County,GA-501
Muscogee County,GA-505
Newton County,GA-500
Paulding County,GA-500
Richmond County,GA-504
Rockdale County,GA-500
Troup County,GA-501
Walker County,GA-501
Walton County,GA-500
Whitfield County,GA-501
Hawaii County,HI-500
Honolulu County,HI-501
Kauai County,HI-500
Maui County,HI-500
Ada County,ID-500
Bannock County,ID-501
Bonneville County,ID-501
Canyon County,ID-501
Kootenai County,ID-501
Twin Falls County,ID-501
Adams County,IL-519
Champaign County,IL-503
Cook County,IL-510 / IL-511
DeKalb County,IL-519
DuPage County,IL-514
Kane County,IL-517
Kankakee County,IL-515
Kendall County,IL-515
Lake County,IL-502
LaSalle County,IL-515
McHenry County,IL-500
McLean County,IL-512
Macon County,IL-516
Madison County,IL-504
Peoria County,IL-507
Rock Island County,IL-518
St. Clair County,IL-508
Sangamon County,IL-513
Tazewell County,IL-507
Vermilion County,IL-515
Will County,IL-506
Williamson County,IL-520
Winnebago County,IL-501
Allen County,IN-502
Bartholomew County,IN-502
Clark County,IN-502
Delaware County,IN-502
Elkhart County,IN-502
Floyd County,IN-502
Grant County,IN-502
Hamilton County,IN-502
Hancock County,IN-502
Hendricks County,IN-502
Howard County,IN-502
Johnson County,IN-502
Kosciusko County,IN-502
Lake County,IN-502
LaPorte County,IN-502
Madison County,IN-502
Marion County,IN-503
Monroe County,IN-502
Morgan County,IN-502
Porter County,IN-502
St. Joseph County,IN-502
Tippecanoe County,IN-502
Vanderburgh County,IN-502
Vigo County,IN-502
Wayne County,IN-502
Black Hawk County,IA-501
Dallas County,IA-501
Dubuque County,IA-501
Johnson County,IA-501
Linn County,IA-501
Polk County,IA-502
Pottawattamie County,IA-501
Scott County,IA-501
Story County,IA-501
Woodbury County,IA-500
Butler County,KS-507
Douglas County,KS-507
Johnson County,KS-505
Leavenworth County,KS-507
Riley County,KS-507
Sedgwick County,KS-502
Shawnee County,KS-503
Wyandotte County,KS-507
Boone County,KY-500
Bullitt County,KY-501
Campbell County,KY-500
Christian County,KY-500
Daviess County,KY-500
Fayette County,KY-502
Hardin County,KY-501
Jefferson County,KY-501
Kenton County,KY-500
McCracken County,KY-500
Madison County,KY-502
Pike County,KY-500
Warren County,KY-500
Ascension Parish,LA-509
Bossier Parish,LA-502
Caddo Parish,LA-502
Calcasieu Parish,LA-509
East Baton Rouge Parish,LA-509
Iberia Parish,LA-500
Jefferson Parish,LA-503
Lafayette Parish,LA-500
Lafourche Parish,LA-506
Livingston Parish,LA-509
Orleans Parish,LA-503
Ouachita Parish,LA-505
Rapides Parish,LA-507
St. Landry Parish,LA-500
St. Tammany Parish,LA-506
Tangipahoa Parish,LA-506
Terrebonne Parish,LA-506
Androscoggin County,ME-500
Aroostook County,ME-500
Cumberland County,ME-500
Kennebec County,ME-500
Penobscot County,ME-500
York County,ME-500
Allegany County,MD-514
Anne Arundel County,MD-503
Baltimore County,MD-505
Baltimore city,MD-501
Calvert County,MD-514
Carroll County,MD-506
Cecil County,MD-514
Charles County,MD-514
Frederick County,MD-514
Harford County,MD-514
Howard County,MD-504
Montgomery County,MD-601
Prince George's County,MD-600
St. Mary's County,MD-514
Washington County,MD-514
Wicomico County,MD-513
Barnstable County,MA-503
Berkshire County,MA-507
Bristol County,MA-505 / MA-515
Essex County,MA-502
Franklin County,MA-507
Hampden County,MA-504
Hampshire County,MA-507
Middlesex County,MA-509
Norfolk County,MA-511
Plymouth County,MA-511
Suffolk County,MA-500
Worcester County,MA-506
Allegan County,MI-500
Bay County,MI-500
Berrien County,MI-500
Calhoun County,MI-514
Clinton County,MI-500
Eaton County,MI-523
Genesee County,MI-505
Grand Traverse County,MI-512
Ingham County,MI-508
Isabella County,MI-500
Jackson County,MI-517
Kalamazoo County,MI-507
Kent County,MI-506
Lapeer County,MI-500
Lenawee County,MI-511
Livingston County,MI-518
Macomb County,MI-503
Marquette County,MI-500
Midland County,MI-500
Monroe County,MI-515
Muskegon County,MI-516
Oakland County,MI-504
Ottawa County,MI-519
Saginaw County,MI-510
St. Clair County,MI-500
Shiawassee County,MI-500
Van Buren County,MI-500
Washtenaw County,MI-509
Wayne County,MI-501 / MI-502
Anoka County,MN-503
Carver County,MN-503
Dakota County,MN-503
Hennepin County,MN-500
Olmsted County,MN-502
Ramsey County,MN-501
St. Louis County,MN-509
Scott County,MN-503
Sherburne County,MN-505
Stearns County,MN-505
Washington County,MN-503
Wright County,MN-505
DeSoto County,MS-501
Forrest County,MS-501
Harrison County,MS-503
Hinds County,MS-500
Jackson County,MS-503
Jones County,MS-501
Lauderdale County,MS-501
Lee County,MS-501
Madison County,MS-500
Rankin County,MS-500
Boone County,MO-606
Buchanan County,MO-603
Cape Girardeau County,MO-606
Cass County,MO-604a
Christian County,MO-600
Clay County,MO-604a
Cole County,MO-606
Franklin County,MO-606
Greene County,MO-600
Jackson County,MO-604a
Jasper County,MO-602
Jefferson County,MO-606
Platte County,MO-604a
St. Charles County,MO-503
St. Francois County,MO-606
St. Louis County,MO-500
St. Louis city,MO-501
Cascade County,MT-500
Flathead County,MT-500
Gallatin County,MT-500
Missoula County,MT-500
Yellowstone County,MT-500
Douglas County,NE-501
Lancaster County,NE-502
Sarpy County,NE-501
Clark County,NV-500
Washoe County,NV-501
Cheshire County,NH-500
Grafton County,NH-500
Hillsborough County,NH-502
Merrimack County,NH-500
Rockingham County,NH-500
Strafford County,NH-500
Atlantic County,NJ-500
Bergen County,NJ-501
Burlington County,NJ-502
Camden County,NJ-503
Cape May County,NJ-503
Cumberland County,NJ-503
Essex County,NJ-504
Gloucester County,NJ-503
Hudson County,NJ-506
Hunterdon County,NJ-516
Mercer County,NJ-514
Middlesex County,NJ-507
Monmouth County,NJ-508
Morris County,NJ-509
Ocean County,NJ-510
Passaic County,NJ-511
Salem County,NJ-512
Somerset County,NJ-513
Sussex County,NJ-516
Union County,NJ-515
Warren County,NJ-516
Bernalillo County,NM-500
Chaves County,NM-501
Doña Ana County,NM-501
Lea County,NM-501
McKinley County,NM-501
Otero County,NM-501
Sandoval County,NM-501
San Juan County,NM-501
Santa Fe County,NM-501
Valencia County,NM-501
Albany County,NY-503
Bronx County,NY-600
Broome County,NY-511
Cattaraugus County,NY-525
Cayuga County,NY-505
Chautauqua County,NY-514
Chemung County,NY-501
Clinton County,NY-525
Dutchess County,NY-601
Erie County,NY-508
Jefferson County,NY-522
Kings County,NY-600
Livingston County,NY-501
Madison County,NY-518
Monroe County,NY-500
Nassau County,NY-603
New York County,NY-600
Niagara County,NY-508
Oneida County,NY-518
Onondaga County,NY-505
Ontario County,NY-513
Orange County,NY-602
Oswego County,NY-505
Putnam County,NY-525
Queens County,NY-600
Rensselaer County,NY-512
Richmond County,NY-600
Rockland County,NY-606
St. Lawrence County,NY-522
Saratoga County,NY-523
Schenectady County,NY-507
Steuben County,NY-501
Suffolk County,NY-603
Sullivan County,NY-525
Tompkins County,NY-510
Ulster County,NY-608
Warren County,NY-523
Wayne County,NY-513
Westchester County,NY-604
Alamance County,NC-503
Brunswick County,NC-506
Buncombe County,NC-501
Burke County,NC-503
Cabarrus County,NC-505
Caldwell County,NC-503
Carteret County,NC-503
Catawba County,NC-503
Cleveland County,NC-509
Craven County,NC-503
Cumberland County,NC-511
Davidson County,NC-503
Durham County,NC-502
Forsyth County,NC-500
Gaston County,NC-509
Guilford County,NC-504
Harnett County,NC-503
Henderson County,NC-503
Iredell County,NC-503
Johnston County,NC-507
Lincoln County,NC-509
Mecklenburg County,NC-505
Moore County,NC-503
Nash County,NC-503
New Hanover County,NC-506
Onslow County,NC-503
Orange County,NC-513
Pitt County,NC-503
Randolph County,NC-503
Robeson County,NC-503
Rockingham County,NC-504
Rowan County,NC-503
Rutherford County,NC-503
Surry County,NC-516
Union County,NC-505
Wake County,NC-507
Wayne County,NC-503
Wilkes County,NC-516
Wilson County,NC-503
Burleigh County,ND-500
Cass County,ND-500
Grand Forks County,ND-500
Allen County,OH-507
Ashtabula County,OH-507
Belmont County,OH-507
Butler County,OH-500
Clark County,OH-505
Clermont County,OH-500
Columbiana County,OH-507
Cuyahoga County,OH-502
Delaware County,OH-503
Erie County,OH-507
Fairfield County,OH-503
Franklin County,OH-503
Geauga County,OH-507
Greene County,OH-505
Hamilton County,OH-500
Hancock County,OH-507
Jefferson County,OH-507
Lake County,OH-507
Licking County,OH-503
Lorain County,OH-502
Lucas County,OH-501
Mahoning County,OH-504
Marion County,OH-507
Medina County,OH-502
Miami County,OH-505
Montgomery County,OH-505
Muskingum County,OH-507
Portage County,OH-506
Richland County,OH-507
Ross County,OH-507
Scioto County,OH-507
Stark County,OH-508
Summit County,OH-506
Trumbull County,OH-504
Tuscarawas County,OH-508
Warren County,OH-500
Wayne County,OH-507
Wood County,OH-501
Canadian County,OK-502
Cleveland County,OK-504
Comanche County,OK-506
Creek County,OK-501
Muskogee County,OK-505
Oklahoma County,OK-502
Payne County,OK-500
Pottawatomie County,OK-500
Rogers County,OK-501
Tulsa County,OK-501
Wagoner County,OK-501
Benton County,OR-505
Clackamas County,OR-507
Deschutes County,OR-503
Douglas County,OR-505
Jackson County,OR-502
Josephine County,OR-505
Klamath County,OR-505
Lane County,OR-500
Linn County,OR-505
Marion County,OR-504
Multnomah County,OR-501
Polk County,OR-504
Umatilla County,OR-505
Washington County,OR-506
Yamhill County,OR-505
Adams County,PA-509
Allegheny County,PA-600
Armstrong County,PA-601
Beaver County,PA-603
Berks County,PA-506
Blair County,PA-509
Bucks County,PA-511
Butler County,PA-601
Cambria County,PA-509
Carbon County,PA-509
Centre County,PA-509
Chester County,PA-505
Clearfield County,PA-509
Columbia County,PA-509
Crawford County,PA-601
Cumberland County,PA-501
Dauphin County,PA-501
Delaware County,PA-502
Erie County,PA-605
Fayette County,PA-601
Franklin County,PA-509
Indiana County,PA-601
Lackawanna County,PA-508
Lancaster County,PA-510
Lawrence County,PA-601
Lebanon County,PA-509
Lehigh County,PA-509
Luzerne County,PA-503
Lycoming County,PA-509
Mercer County,PA-601
Monroe County,PA-509
Montgomery County,PA-504
Northampton County,PA-509
Northumberland County,PA-509
Philadelphia County,PA-500
Schuylkill County,PA-509
Somerset County,PA-601
Washington County,PA-601
Westmoreland County,PA-601
York County,PA-512
Kent County,RI-500
Newport County,RI-500
Providence County,RI-500
Washington County,RI-500
Aiken County,SC-502
Anderson County,SC-501
Beaufort County,SC-500
Berkeley County,SC-500
Charleston County,SC-500
Darlington County,SC-503
Dorchester County,SC-500
Florence County,SC-503
Greenville County,SC-501
Greenwood County,SC-501
Horry County,SC-503
Lancaster County,SC-502
Laurens County,SC-501
Lexington County,SC-502
Oconee County,SC-501
Orangeburg County,SC-502
Pickens County,SC-501
Richland County,SC-502
Spartanburg County,SC-501
Sumter County,SC-503
York County,SC-502
Minnehaha County,SD-500
Pennington County,SD-500
Anderson County,TN-512
Blount County,TN-512
Bradley County,TN-500
Davidson County,TN-504
Greene County,TN-509
Hamilton County,TN-500
Knox County,TN-502
Madison County,TN-507
Maury County,TN-503
Montgomery County,TN-503
Putnam County,TN-506
Robertson County,TN-503
Rutherford County,TN-510
Sevier County,TN-512
Shelby County,TN-501
Sullivan County,TN-509
Sumner County,TN-503
Washington County,TN-509
Williamson County,TN-503
Wilson County,TN-503
Angelina County,TX-607
Bastrop County,TX-503
Bell County,TX-607
Bexar County,TX-500
Bowie County,TX-607
Brazoria County,TX-700
Brazos County,TX-701
Cameron County,TX-607
Collin County,TX-600
Comal County,TX-500
Coryell County,TX-607
Dallas County,TX-600
Denton County,TX-600
Ector County,TX-607
Ellis County,TX-600
El Paso County,TX-603
Fort Bend County,TX-700
Galveston County,TX-700
Grayson County,TX-607
Gregg County,TX-607
Guadalupe County,TX-500
Harris County,TX-700
Harrison County,TX-607
Hays County,TX-503
Henderson County,TX-607
Hidalgo County,TX-607
Hunt County,TX-600
Jefferson County,TX-607
Johnson County,TX-601
Kaufman County,TX-600
Liberty County,TX-700
Lubbock County,TX-607
McLennan County,TX-604
Midland County,TX-607
Montgomery County,TX-700
Nacogdoches County,TX-607
Nueces County,TX-607
Orange County,TX-607
Parker County,TX-601
Potter County,TX-611
Randall County,TX-611
Rockwall County,TX-600
San Patricio County,TX-607
Smith County,TX-607
Tarrant County,TX-601
Taylor County,TX-607
Tom Green County,TX-607
Travis County,TX-503
Victoria County,TX-607
Walker County,TX-700
Webb County,TX-607
Wichita County,TX-624
Williamson County,TX-503
Cache County,UT-503
Davis County,UT-500
Salt Lake County,UT-500
Utah County,UT-504
Washington County,UT-503
Weber County,UT-500
Chittenden County,VT-501
Albemarle County,VA-504
Arlington County,VA-600
Augusta County,VA-513
Bedford County,VA-521
Chesterfield County,VA-500
Fairfax County,VA-601
Fauquier County,VA-521
Frederick County,VA-513
Hanover County,VA-500
Henrico County,VA-500
James City County,VA-505
Loudoun County,VA-602
Montgomery County,VA-521
Prince William County,VA-604
Roanoke County,VA-502
Rockingham County,VA-513
Spotsylvania County,VA-514
Stafford County,VA-514
York County,VA-505
Alexandria city,VA-603
Chesapeake city,VA-501
Hampton city,VA-505
Lynchburg city,VA-508
Newport News city,VA-505
Norfolk city,VA-501
Portsmouth city,VA-507
Richmond city,VA-500
Roanoke city,VA-502
Suffolk city,VA-501
Virginia Beach city,VA-503
Benton County,WA-501
Chelan County,WA-501
Clallam County,WA-501
Clark County,WA-508
Cowlitz County,WA-501
Franklin County,WA-501
Grant County,WA-501
Grays Harbor County,WA-501
Island County,WA-501
King County,WA-500
Kitsap County,WA-501
Lewis County,WA-501
Pierce County,WA-503
Skagit County,WA-501
Snohomish County,WA-504
Spokane County,WA-502
Thurston County,WA-501
Whatcom County,WA-501
Yakima County,WA-501
Berkeley County,WV-508
Cabell County,WV-501
Harrison County,WV-508
Kanawha County,WV-503
Monongalia County,WV-508
Raleigh County,WV-508
Wood County,WV-508
Brown County,WI-500
Dane County,WI-503
Dodge County,WI-500
Eau Claire County,WI-500
Fond du Lac County,WI-500
Jefferson County,WI-500
Kenosha County,WI-500
La Crosse County,WI-500
Manitowoc County,WI-500
Marathon County,WI-500
Milwaukee County,WI-501
Outagamie County,WI-500
Ozaukee County,WI-500
Portage County,WI-500
Racine County,WI-502
Rock County,WI-500
St. Croix County,WI-500
Sheboygan County,WI-500
Walworth County,WI-500
Washington County,WI-500
Waukesha County,WI-500
Winnebago County,WI-500
Wood County,WI-500
Laramie County,WY-500
Natrona County,WY-500